{"cameraMode":{"drawMode":0,"name":"Shaded","section":"Shading Mode"},"sceneLighting":true,"audioPlay":false,"sceneViewState":{"showFog":true,"showMaterialUpdate":true,"showSkybox":true,"showFlares":true,"showImageEffects":true,"showParticleSystems":true},"in2DMode":false,"pivot":{"x":-985.8855590820313,"y":-1.5020751953125,"z":284.3974609375},"rotation":{"x":0.01031350065022707,"y":-0.9238631725311279,"z":0.38233762979507449,"w":0.02346070669591427},"size":828.5693969726563,"orthographic":false}