{"cameraMode":{"drawMode":0,"name":"Shaded","section":"Shading Mode"},"sceneLighting":false,"audioPlay":false,"sceneViewState":{"showFog":true,"showMaterialUpdate":true,"showSkybox":false,"showFlares":true,"showImageEffects":true,"showParticleSystems":true},"in2DMode":false,"pivot":{"x":459.9190368652344,"y":28.89910125732422,"z":-576.5597534179688},"rotation":{"x":0.351638525724411,"y":-0.4519454538822174,"z":0.19988365471363069,"w":0.7951026558876038},"size":89.37884521484375,"orthographic":false}