{"cameraMode":{"drawMode":0,"name":"Shaded","section":"Shading Mode"},"sceneLighting":false,"audioPlay":false,"sceneViewState":{"showFog":true,"showMaterialUpdate":true,"showSkybox":false,"showFlares":true,"showImageEffects":true,"showParticleSystems":true},"in2DMode":false,"pivot":{"x":26.299829483032228,"y":2.7460739612579347,"z":-62.94108581542969},"rotation":{"x":-0.05786518752574921,"y":-0.009884393773972988,"z":0.0005892590270377696,"w":-0.9983070492744446},"size":14.124285697937012,"orthographic":false}