{"cameraMode":{"drawMode":0,"name":"Shaded","section":"Shading Mode"},"sceneLighting":false,"audioPlay":false,"sceneViewState":{"showFog":true,"showMaterialUpdate":true,"showSkybox":false,"showFlares":true,"showImageEffects":true,"showParticleSystems":true},"in2DMode":false,"pivot":{"x":237.1999969482422,"y":32.7293586730957,"z":-778.160400390625},"rotation":{"x":0.01031350065022707,"y":-0.9238631725311279,"z":0.38233762979507449,"w":0.02346070669591427},"size":180.65550231933595,"orthographic":false}